key,doc_count
2020-01-01,221
2020-01-02,253
2020-01-03,277
2020-01-04,258
2020-01-05,299
2020-01-06,325
2020-01-07,340
2020-01-08,302
2020-01-09,295
2020-01-10,243
2020-01-11,230
2020-01-12,222
2020-01-13,309
2020-01-14,279
2020-01-15,256
2020-01-16,258
2020-01-17,213
2020-01-18,196
2020-01-19,238
2020-01-20,266
2020-01-21,254
2020-01-22,282
2020-01-23,260
2020-01-24,203
2020-01-25,200
2020-01-26,230
2020-01-27,276
2020-01-28,246
2020-01-29,271
2020-01-30,274
2020-01-31,227
2020-02-01,200
2020-02-02,244
2020-02-03,235
2020-02-04,235
2020-02-05,251
2020-02-06,233
2020-02-07,234
2020-02-08,233
2020-02-09,197
2020-02-10,273
2020-02-11,254
2020-02-12,231
2020-02-13,229
2020-02-14,195
2020-02-15,165
2020-02-16,202
2020-02-17,264
2020-02-18,237
2020-02-19,263
2020-02-20,269
2020-02-21,254
2020-02-22,190
2020-02-23,225
2020-02-24,263
2020-02-25,274
2020-02-26,249
2020-02-27,249
2020-02-28,198
2020-02-29,226
2020-03-01,232
2020-03-02,264
2020-03-03,293
2020-03-04,274
2020-03-05,271
2020-03-06,222
2020-03-07,214
2020-03-08,237
2020-03-09,258
2020-03-10,278
2020-03-11,259
2020-03-12,262
2020-03-13,267
2020-03-14,233
2020-03-15,230
2020-03-16,281
2020-03-17,250
2020-03-18,217
2020-03-19,230
2020-03-20,185
2020-03-21,211
2020-03-22,201
2020-03-23,241
2020-03-24,223
2020-03-25,225
2020-03-26,211
2020-03-27,224
2020-03-28,218
2020-03-29,236
2020-03-30,265
2020-03-31,240
2020-04-01,221
2020-04-02,239
2020-04-03,211
2020-04-04,196
2020-04-05,193
2020-04-06,231
2020-04-07,244
2020-04-08,193
2020-04-09,211
2020-04-10,226
2020-04-11,201
2020-04-12,236
2020-04-13,238
2020-04-14,231
2020-04-15,212
2020-04-16,220
2020-04-17,205
2020-04-18,233
2020-04-19,243
2020-04-20,291
2020-04-21,301
2020-04-22,303
2020-04-23,231
2020-04-24,199
2020-04-25,227
2020-04-26,213
2020-04-27,278
2020-04-28,256
2020-04-29,239
2020-04-30,222
2020-05-01,261
2020-05-02,288
2020-05-03,231
2020-05-04,239
2020-05-05,241
2020-05-06,258
2020-05-07,205
2020-05-08,197
2020-05-09,198
2020-05-10,240
2020-05-11,249
2020-05-12,231
2020-05-13,232
2020-05-14,232
2020-05-15,201
2020-05-16,220
2020-05-17,242
2020-05-18,233
2020-05-19,277
2020-05-20,246
2020-05-21,195
2020-05-22,192
2020-05-23,196
2020-05-24,178
2020-05-25,254
2020-05-26,234
2020-05-27,257
2020-05-28,226
2020-05-29,210
2020-05-30,203
2020-05-31,197
2020-06-01,208
2020-06-02,210
2020-06-03,218
2020-06-04,233
2020-06-05,207
2020-06-06,197
2020-06-07,189
2020-06-08,269
2020-06-09,219
2020-06-10,170
